CHROM	POS	ID	REF	ALT	QUAL	FILTER	INFO	FORMAT	TUMOR	NORMAL	TUMOR_GT	NORMAL_GT
chr6	43475502	.	C	T	.	PASS	DP=77;ECNT=1;NLOD=9.59;N_ART_LOD=-1.518e+00;POP_AF=1.000e-05;P_CONTAM=0.00;P_GERMLINE=-1.705e+01;TLOD=6.72	GT:AD:AF:F1R2:F2R1:MBQ:MFRL:MMQ:MPOS:SA_MAP_AF:SA_POST_PROB	0/1:42,3:0.069:15,1:27,2:37:269,269:60:20:0.071,0.00,0.067:0.013,0.015,0.973	0/0:32,0:3.240e-03:9,0:23,0:0:269,0:0:0	0/1	0/0
chr7	73624599	.	G	A	.	PASS	DP=29;ECNT=1;NLOD=6.02;N_ART_LOD=-1.322e+00;POP_AF=1.000e-05;P_CONTAM=0.00;P_GERMLINE=-5.358e+00;TLOD=5.80	GT:AD:AF:F1R2:F2R1:MBQ:MFRL:MMQ:MPOS:SA_MAP_AF:SA_POST_PROB	0/1:7,2:0.222:3,1:4,1:37:202,202:60:16:0.182,0.192,0.222:0.032,0.016,0.951	0/0:20,0:1.160e-04:15,0:5,0:0:202,0:0:0	0/1	0/0
chr10	98900544	.	T	C	.	PASS	DP=51;ECNT=1;NLOD=6.62;N_ART_LOD=-1.362e+00;POP_AF=1.000e-05;P_CONTAM=0.00;P_GERMLINE=-8.996e+00;TLOD=10.86	GT:AD:AF:F1R2:F2R1:MBQ:MFRL:MMQ:MPOS:SA_MAP_AF:SA_POST_PROB	0/1:25,4:0.138:17,4:8,0:37:216,195:60:23:0.121,0.101,0.138:0.024,0.013,0.963	0/0:22,0:1.116e-04:8,0:14,0:0:216,0:0:0	0/1	0/0
chr12	124049772	.	C	T	.	PASS	DP=97;ECNT=2;NLOD=16.55;N_ART_LOD=-1.748e+00;POP_AF=1.000e-05;P_CONTAM=0.00;P_GERMLINE=-2.320e+01;TLOD=6.84	GT:AD:AF:F1R2:F2R1:MBQ:MFRL:MMQ:MPOS:SA_MAP_AF:SA_POST_PROB	0/1:39,3:0.072:22,1:17,2:37:172,172:60:62:0.071,0.00,0.071:0.012,0.017,0.971	0/0:55,0:1.025e-04:38,0:17,0:0:172,0:0:0	0/1	0/0
chr16	1152316	.	T	C	.	PASS	DP=68;ECNT=2;NLOD=9.28;N_ART_LOD=-1.504e+00;POP_AF=1.000e-05;P_CONTAM=0.00;P_GERMLINE=-1.361e+01;TLOD=10.31	GT:AD:AF:F1R2:F2R1:MBQ:MFRL:MMQ:MPOS:SA_MAP_AF:SA_POST_PROB	0/1:33,4:0.108:16,2:17,2:37:191,191:60:20:0.071,0.101,0.108:0.017,0.012,0.970	0/0:31,0:3.372e-03:7,0:24,0:0:191,0:0:0	0/1	0/0
chr16	50665942	.	C	T	.	PASS	DP=59;ECNT=1;NLOD=11.44;N_ART_LOD=-1.591e+00;POP_AF=1.000e-05;P_CONTAM=0.00;P_GERMLINE=-1.202e+01;TLOD=11.59	GT:AD:AF:F1R2:F2R1:MBQ:MFRL:MMQ:MPOS:SA_MAP_AF:SA_POST_PROB	0/1:17,4:0.191:9,2:8,2:37:169,169:60:15:0.00,0.192,0.190:0.023,0.022,0.956	0/0:38,0:6.563e-05:25,0:13,0:0:169,0:0:0	0/1	0/0
chr16	56889143	.	A	G	.	PASS	DP=56;ECNT=1;NLOD=6.92;N_ART_LOD=-1.380e+00;POP_AF=1.000e-05;P_CONTAM=0.00;P_GERMLINE=-1.119e+01;TLOD=7.27	GT:AD:AF:F1R2:F2R1:MBQ:MFRL:MMQ:MPOS:SA_MAP_AF:SA_POST_PROB	0/1:30,3:0.094:11,0:19,3:37:298,105:60:23:0.040,0.081,0.091:0.205,4.435e-03,0.791	0/0:23,0:6.654e-05:9,0:14,0:0:298,0:0:0	0/1	0/0
chr17	7578406	.	C	T	.	PASS	DP=243;ECNT=1;NLOD=42.44;N_ART_LOD=-2.155e+00;POP_AF=1.000e-05;P_CONTAM=0.00;P_GERMLINE=-5.480e+01;TLOD=33.55	GT:AD:AF:F1R2:F2R1:MBQ:MFRL:MMQ:MPOS:SA_MAP_AF:SA_POST_PROB	0/1:86,12:0.131:38,2:48,10:37:139,132:60:29:0.091,0.111,0.122:0.011,0.016,0.973	0/0:141,0:7.057e-03:50,0:91,0:0:134,0:0:0	0/1	0/0
chr18	48581229	.	C	G	.	PASS	DP=263;ECNT=1;NLOD=43.34;N_ART_LOD=-1.863e+00;POP_AF=1.000e-05;P_CONTAM=0.00;P_GERMLINE=-6.194e+01;TLOD=28.18	GT:AD:AF:F1R2:F2R1:MBQ:MFRL:MMQ:MPOS:SA_MAP_AF:SA_POST_PROB	0/1:108,11:0.093:62,7:46,4:37:149,150:60:56:0.081,0.071,0.092:5.064e-03,0.021,0.973	0/0:144,0:6.983e-05:82,0:62,0:0:150,0:0:0	0/1	0/0
chr19	19389340	.	C	T	.	PASS	DP=96;ECNT=1;NLOD=16.25;N_ART_LOD=-1.740e+00;POP_AF=1.000e-05;P_CONTAM=0.00;P_GERMLINE=-2.290e+01;TLOD=6.84	GT:AD:AF:F1R2:F2R1:MBQ:MFRL:MMQ:MPOS:SA_MAP_AF:SA_POST_PROB	0/1:39,3:0.072:11,1:28,2:37:188,188:60:20:0.061,0.040,0.071:7.291e-03,0.024,0.969	0/0:54,0:1.025e-04:16,0:38,0:0:188,0:0:0	0/1	0/0
chrX	40240373	.	G	A	.	PASS	DP=28;ECNT=1;NLOD=3.91;N_ART_LOD=-1.146e+00;POP_AF=1.000e-05;P_CONTAM=0.00;P_GERMLINE=-3.865e+00;TLOD=8.67	GT:AD:AF:F1R2:F2R1:MBQ:MFRL:MMQ:MPOS:SA_MAP_AF:SA_POST_PROB	0/1:12,3:0.200:8,2:4,1:37:21,0:60:11:0.192,0.131,0.200:0.011,0.061,0.928	0/0:13,0:6.652e-05:10,0:3,0:0:0,0:0:0	0/1	0/0
